,issue_date,from_git_hash,to_git_hash,message
0,2020-03-31,,ce9872cf,update date to match format
1,2020-04-01,ce9872cf,376119aa,add 3/22 and 3/30
2,2020-04-02,376119aa,33640a58,update data for 4/1/20
3,2020-04-03,33640a58,6af1fed7,automated update
4,2020-04-04,6af1fed7,817c2bd1,change data type for FIPS
5,2020-04-05,817c2bd1,f7c23846,automated update
6,2020-04-06,f7c23846,865c933c,automated update
7,2020-04-07,865c933c,73fd981c,automated update
8,2020-04-08,73fd981c,1a68338b,automated update
9,2020-04-09,1a68338b,5acaa8f8,automated update
10,2020-04-10,5acaa8f8,130954a2,automated update
11,2020-04-11,130954a2,6e3f6284,automated update
12,2020-04-12,6e3f6284,dcd41816,automated update
13,2020-04-13,dcd41816,b28a5e72,automated update
14,2020-04-14,b28a5e72,3f59216b,"update Okaloosa, FL"
15,2020-04-15,3f59216b,cf5550f6,update deaths
16,2020-04-16,cf5550f6,7a2941d8,adjust data
17,2020-04-17,7a2941d8,a8e66697,Correction for Sutter County California
18,2020-04-18,a8e66697,a62b8218,automated update
19,2020-04-19,a62b8218,6c4ac9ee,update data
20,2020-04-20,6c4ac9ee,1f23447a,automated update
21,2020-04-21,1f23447a,a212e6ce,automated update
22,2020-04-22,a212e6ce,db4efa2b,automated update
23,2020-04-23,db4efa2b,8ad492e9,automated update
24,2020-04-24,8ad492e9,19299ca1,automated update
25,2020-04-25,19299ca1,45909bb3,automated update
26,2020-04-26,45909bb3,fe60e472,Update NYC deaths
27,2020-04-27,fe60e472,8a924192,automated update
28,2020-04-28,8a924192,bda67e3d,automated update
29,2020-04-29,bda67e3d,4fd1f718,automated update
30,2020-04-30,4fd1f718,05622493,automated update
31,2020-05-01,05622493,2666c910,automated update
32,2020-05-02,2666c910,ee56e55a,adjusted timeseries
33,2020-05-03,ee56e55a,476c78eb,automated update
34,2020-05-04,476c78eb,3377100d,automated update
35,2020-05-05,3377100d,dce1b48f,automated update
36,2020-05-06,dce1b48f,78cea7a7,automated update
37,2020-05-07,78cea7a7,ecb26cf5,automated update
38,2020-05-08,ecb26cf5,9fbca1dc,automated update
39,2020-05-09,9fbca1dc,081f76bf,automated update
40,2020-05-10,081f76bf,306c8088,Virginia May 6713 to 737
41,2020-05-11,306c8088,a150df0f,automated update
42,2020-05-12,a150df0f,c5f09505,automated update
43,2020-05-13,c5f09505,25e7bc4e,automated update
44,2020-05-14,25e7bc4e,5c2b5ff9,automated update
45,2020-05-15,5c2b5ff9,f51f51bf,automated update
46,2020-05-16,f51f51bf,963407b0,automated update
47,2020-05-17,963407b0,c878cd0a,automated update
48,2020-05-18,c878cd0a,cf0da8ef,automated update
49,2020-05-19,cf0da8ef,8390ba65,automated update
50,2020-05-20,8390ba65,1b3fbc5c,automated update
51,2020-05-21,1b3fbc5c,1a33be06,automated update
52,2020-05-22,1a33be06,daa20971,automated update
53,2020-05-23,daa20971,307c5f5e,automated update
54,2020-05-24,307c5f5e,272b1eb8,automated update
55,2020-05-25,272b1eb8,23bf7b79,automated update
56,2020-05-26,23bf7b79,8747ab05,automated update
57,2020-05-27,8747ab05,ed06dde3,automated update
58,2020-05-28,ed06dde3,04c9ce88,automated update
59,2020-05-29,04c9ce88,66c71f58,automated update
60,2020-05-30,66c71f58,077f03a8,automated update
61,2020-05-31,077f03a8,43a9ba95,automated update
62,2020-06-01,43a9ba95,8561285a,automated update
63,2020-06-02,8561285a,73ce6ae1,automated update
64,2020-06-03,73ce6ae1,bfd7e2ea,automated update
65,2020-06-04,bfd7e2ea,1f5e9d54,automated update
66,2020-06-05,1f5e9d54,4883c58c,automated update
67,2020-06-06,4883c58c,9776b2c1,automated update
68,2020-06-07,9776b2c1,8c85544f,automated update
69,2020-06-08,8c85544f,dd07d05f,automated update
70,2020-06-09,dd07d05f,9b7cf460,automated update
71,2020-06-10,9b7cf460,ce464e2e,Updates MI historical deaths time series
72,2020-06-11,ce464e2e,1f4ce8fc,automated update
73,2020-06-12,1f4ce8fc,96e26c42,automated update
74,2020-06-13,96e26c42,52005e36,automated update
75,2020-06-14,52005e36,02ea750a,automated update
76,2020-06-15,02ea750a,9967fabe,automated update
77,2020-06-16,9967fabe,aa89ad0c,automated update
78,2020-06-17,aa89ad0c,4981d756,automated update
79,2020-06-18,4981d756,f0c7a1c4,automated update
80,2020-06-19,f0c7a1c4,d37b119f,automated update
81,2020-06-20,d37b119f,a46d5f37,automated update
82,2020-06-21,a46d5f37,77c1d13a,automated update
83,2020-06-22,77c1d13a,70995de5,automated update
84,2020-06-23,70995de5,f613ae22,automated update
85,2020-06-24,f613ae22,83f58fc4,automated update
86,2020-06-25,83f58fc4,4bc248ff,Update OR 6/20-6/21
87,2020-06-26,4bc248ff,89b1b355,automated update
88,2020-06-27,89b1b355,c59d2efb,automated update
89,2020-06-28,c59d2efb,53c386e6,automated update
90,2020-06-29,53c386e6,14bb65ab,automated update
91,2020-06-30,14bb65ab,78d91b2d,Update June 29 Timeseries
92,2020-07-01,78d91b2d,4e85a5f4,automated update
93,2020-07-02,4e85a5f4,7d8319d0,automated update
94,2020-07-03,7d8319d0,e6a5f282,automated update
95,2020-07-04,e6a5f282,18a1db50,automated update
96,2020-07-05,18a1db50,178f8b40,automated update
97,2020-07-06,178f8b40,b8ed8d18,automated update
98,2020-07-07,b8ed8d18,6f1fc6a7,automated update
99,2020-07-08,6f1fc6a7,8bfaf365,automated update
100,2020-07-09,8bfaf365,221ce93d,automated update
101,2020-07-10,221ce93d,f1482fd2,automated update
102,2020-07-11,f1482fd2,87c377b5,automated update
103,2020-07-12,87c377b5,3c26a66b,automated update
104,2020-07-13,3c26a66b,7c1618d6,automated update
105,2020-07-14,7c1618d6,9780e322,automated update
106,2020-07-15,9780e322,88e8d1d1,automated update
107,2020-07-16,88e8d1d1,a7cb75f7,automated update
108,2020-07-17,a7cb75f7,97a62cc5,automated update
109,2020-07-18,97a62cc5,f54858d9,automated update
110,2020-07-19,f54858d9,06d75e0e,automated update
111,2020-07-20,06d75e0e,b1f141f6,automated update
112,2020-07-21,b1f141f6,adf97ebf,automated update
113,2020-07-22,adf97ebf,08d0f371,automated update
114,2020-07-23,08d0f371,217aa2cb,automated update
115,2020-07-24,217aa2cb,8f72ac56,automated update
116,2020-07-25,8f72ac56,d602c347,automated update
117,2020-07-26,d602c347,c504f110,automated update
118,2020-07-27,c504f110,b4652d0f,automated update
119,2020-07-28,b4652d0f,3569e7c5,automated update
120,2020-07-29,3569e7c5,b8c54542,automated update
121,2020-07-30,b8c54542,063a9ff6,automated update
122,2020-07-31,063a9ff6,7427f3b4,automated update
123,2020-08-01,7427f3b4,221b6b0a,automated update
124,2020-08-02,221b6b0a,ab9ce854,automated update
125,2020-08-03,ab9ce854,e9ff574c,automated update
126,2020-08-04,e9ff574c,6cfe493c,Updates DC
127,2020-08-05,6cfe493c,a42be334,automated update
128,2020-08-06,a42be334,143a436d,automated update
129,2020-08-07,143a436d,cf8b8bed,automated update
130,2020-08-08,cf8b8bed,309b82db,automated update
131,2020-08-09,309b82db,3ce19b1d,automated update
132,2020-08-10,3ce19b1d,eb21b256,automated update
133,2020-08-11,eb21b256,a85345b1,automated update
134,2020-08-12,a85345b1,aeef3326,Automated update
135,2020-08-13,aeef3326,ce4e47c1,Automated update
136,2020-08-14,ce4e47c1,b9466377,Automated update
137,2020-08-15,b9466377,4a4b2d9c,Automated update
138,2020-08-16,4a4b2d9c,39ab5796,Automated update
139,2020-08-17,39ab5796,2696ca2c,Automated update
140,2020-08-18,2696ca2c,28bdf279,Automated update
141,2020-08-19,28bdf279,553ad7c4,Automated update
142,2020-08-20,553ad7c4,b7ffac4f,Automated update
143,2020-08-21,b7ffac4f,164a110f,Automated update
144,2020-08-22,164a110f,e634d627,Automated update
145,2020-08-23,e634d627,4eb0bbe2,Automated update
146,2020-08-24,4eb0bbe2,a10636a9,Automated update
147,2020-08-25,a10636a9,8cbbe1c8,Automated update
148,2020-08-26,8cbbe1c8,9503bbf1,Automated update
149,2020-08-27,9503bbf1,a428d8d4,Automated update
150,2020-08-28,a428d8d4,c5293161,Automated update
151,2020-08-29,c5293161,37b2fa02,Automated update
152,2020-08-30,37b2fa02,56f5b3ce,Automated update
153,2020-08-31,56f5b3ce,b6cf765a,Automated update
154,2020-09-01,b6cf765a,726c5975,Automated update
155,2020-09-02,726c5975,3d7b0cc0,Automated update
156,2020-09-03,3d7b0cc0,52e9f010,Automated update
157,2020-09-04,52e9f010,6d759cea,Automated update
158,2020-09-05,6d759cea,a5b03688,Automated update
159,2020-09-06,a5b03688,31d74e0f,Automated update
160,2020-09-07,31d74e0f,6ed3d6d3,Automated update
161,2020-09-08,6ed3d6d3,0bf4d22e,Automated update
162,2020-09-09,0bf4d22e,968f9e62,Automated update
163,2020-09-10,968f9e62,67b87f29,Automated update
164,2020-09-11,67b87f29,f4119c8c,Automated update
165,2020-09-12,f4119c8c,4c8006b0,Automated update
166,2020-09-13,4c8006b0,5e9200bd,Automated update
167,2020-09-14,5e9200bd,29b85c49,Automated update
168,2020-09-15,29b85c49,33b3be9f,Update Idaho data for 09/14
169,2020-09-16,33b3be9f,aa984b73,Automated update
170,2020-09-17,aa984b73,b5360e17,Automated update
171,2020-09-18,b5360e17,06b56a8d,Automated update
172,2020-09-19,06b56a8d,e639c6ac,Automated update
173,2020-09-20,e639c6ac,cb9b5cec,Automated update
174,2020-09-21,cb9b5cec,5990f078,update WI data
175,2020-09-22,5990f078,998bc7d5,Automated update
176,2020-09-23,998bc7d5,ca0313ce,Automated update
177,2020-09-24,ca0313ce,b29667de,Automated update
178,2020-09-25,b29667de,f806ce92,Automated update
179,2020-09-26,f806ce92,36a033cf,Automated update
180,2020-09-27,36a033cf,22b4b512,Automated update
181,2020-09-28,22b4b512,05555df5,Automated update
182,2020-09-29,05555df5,34df731f,Automated update
183,2020-09-30,34df731f,d6da6729,Automated update
184,2020-10-01,d6da6729,43f2daa3,Automated update
185,2020-10-02,43f2daa3,1f1454ef,Automated update
186,2020-10-03,1f1454ef,599d73b2,Automated update
187,2020-10-04,599d73b2,775149c7,Automated update
188,2020-10-05,775149c7,aa508d52,Update MO data
189,2020-10-06,aa508d52,864d0a21,Automated update
190,2020-10-07,864d0a21,927ccdb8,Automated update
191,2020-10-08,927ccdb8,ffa14466,Automated update
192,2020-10-09,ffa14466,11eb5760,Automated update
193,2020-10-10,11eb5760,90ba6729,Automated update
194,2020-10-11,90ba6729,e53208d6,Automated update
195,2020-10-12,e53208d6,efc8c8c9,Automated update
196,2020-10-13,efc8c8c9,cd65ee58,Backdistribute Rhode Island County Deaths
197,2020-10-14,cd65ee58,4659d53b,Automated update
198,2020-10-15,4659d53b,b8bb79da,Automated update
199,2020-10-16,b8bb79da,5607181d,Automated update
200,2020-10-17,5607181d,fc165256,Automated update
201,2020-10-18,fc165256,61f3fc3e,Automated update
202,2020-10-19,61f3fc3e,45830f51,Automated update
203,2020-10-20,45830f51,f80ff6a3,Automated update
204,2020-10-21,f80ff6a3,761024ea,Automated update
205,2020-10-22,761024ea,6c2bea59,Automated update
206,2020-10-23,6c2bea59,1ab6ebfd,Automated update
207,2020-10-24,1ab6ebfd,86149304,Automated update
208,2020-10-25,86149304,2597510d,Automated update
209,2020-10-26,2597510d,78e70507,Automated update
210,2020-10-27,78e70507,9458c546,Automated update
211,2020-10-28,9458c546,9435b509,Automated update
212,2020-10-29,9435b509,6cde7138,Automated update
213,2020-10-30,6cde7138,26ff8f8b,Update Franklin VA data for 0822-1028
214,2020-10-31,26ff8f8b,24e170d6,Automated update
215,2020-11-01,24e170d6,3d6ea304,Automated update
216,2020-11-02,3d6ea304,5d19cc7d,Automated update
217,2020-11-03,5d19cc7d,1ac567f9,Automated update
218,2020-11-04,1ac567f9,b8c87384,Automated update
219,2020-11-05,b8c87384,e290f21a,Automated update
220,2020-11-06,e290f21a,e8d823ef,Automated update
221,2020-11-07,e8d823ef,578b0560,Automated update
222,2020-11-08,578b0560,70406f3a,Automated update
223,2020-11-09,70406f3a,4067ce97,Automated update
224,2020-11-10,4067ce97,9c381dd2,Automated update
225,2020-11-11,9c381dd2,585e641d,Automated update
226,2020-11-12,585e641d,86c33ff8,Fix Maine 1111
227,2020-11-13,86c33ff8,db88a691,Automated update
228,2020-11-14,db88a691,c32d3616,Automated update
229,2020-11-15,c32d3616,637ce284,Automated update
230,2020-11-16,637ce284,9d81184e,Automated update
231,2020-11-17,9d81184e,83c3e355,Automated update
232,2020-11-18,83c3e355,61e92c1e,Automated update
233,2020-11-19,61e92c1e,325e6105,Automated update
234,2020-11-20,325e6105,b6dd8274,Automated update
235,2020-11-21,b6dd8274,73bb9439,Automated update
236,2020-11-22,73bb9439,9898e249,Automated update
237,2020-11-23,9898e249,2120332b,Automated update
238,2020-11-24,2120332b,27553fa7,Automated update
239,2020-11-25,27553fa7,46aff30c,Automated update
240,2020-11-26,46aff30c,a54f960a,Automated update
241,2020-11-27,a54f960a,839995a2,Automated update
242,2020-11-28,839995a2,3ecbb15f,Automated update
243,2020-11-29,3ecbb15f,402a1083,Automated update
244,2020-11-30,402a1083,b6bf3226,Automated update
245,2020-12-01,b6bf3226,38a1829c,Automated update
246,2020-12-02,38a1829c,8cd1f421,Automated update
247,2020-12-03,8cd1f421,0f63fd22,Automated update
248,2020-12-04,0f63fd22,fb9d33d3,Automated update
249,2020-12-05,fb9d33d3,a86e53ee,Automated update
250,2020-12-06,a86e53ee,b5622532,Automated update
251,2020-12-07,b5622532,09c6c2b7,Automated update
252,2020-12-08,09c6c2b7,81f5d986,Automated update
253,2020-12-09,81f5d986,f28e785b,Update ME 1208
254,2020-12-10,f28e785b,10601d91,Automated update
255,2020-12-11,10601d91,36285bce,Automated update
256,2020-12-12,36285bce,7aa483d1,Automated update
257,2020-12-13,7aa483d1,7a1ff3d2,Automated update
258,2020-12-14,7a1ff3d2,e7ba2d39,Automated update
259,2020-12-15,e7ba2d39,9f2e9c9d,Automated update
260,2020-12-16,9f2e9c9d,62b8a3e1,Automated update
261,2020-12-17,62b8a3e1,8ee16044,Automated update
262,2020-12-18,8ee16044,8ab1f700,Automated update
263,2020-12-19,8ab1f700,50e9a49b,Automated update
264,2020-12-20,50e9a49b,ccf34519,Automated update
265,2020-12-21,ccf34519,fb2c8dc8,Automated update
266,2020-12-22,fb2c8dc8,e3464078,Automated update
267,2020-12-23,e3464078,51351652,Automated update
268,2020-12-24,51351652,2d2f8544,Automated update
269,2020-12-25,2d2f8544,74469a98,Automated update
270,2020-12-26,74469a98,269936d0,Automated update
271,2020-12-27,269936d0,cf51b618,Automated update
272,2020-12-28,cf51b618,e031127d,Automated update
273,2020-12-29,e031127d,3043623b,Automated update
274,2020-12-30,3043623b,46d18eec,Patch NJ data for 1229
275,2020-12-31,46d18eec,4ed3c692,Automated update
276,2021-01-01,4ed3c692,65b26019,Automated update
277,2021-01-02,65b26019,e63a39ad,Automated update
278,2021-01-03,e63a39ad,dc1a2739,Automated update
279,2021-01-04,dc1a2739,8373e08f,Automated update
280,2021-01-05,8373e08f,6b69ada1,Automated update
281,2021-01-06,6b69ada1,ecb72d90,Automated update
282,2021-01-07,ecb72d90,4ade8d59,Automated update
283,2021-01-08,4ade8d59,c5a126f9,Automated update for delayed data
284,2021-01-09,c5a126f9,ef4081f6,Automated update
285,2021-01-10,ef4081f6,63bb2e4c,Automated update for delayed data
286,2021-01-11,63bb2e4c,28b389ea,Automated update for delayed data
287,2021-01-12,28b389ea,bbebd1ee,Automated update for delayed data
288,2021-01-13,bbebd1ee,5ab5c32a,Automated update for delayed data
289,2021-01-14,5ab5c32a,c2642356,Automated update for delayed data
290,2021-01-15,c2642356,cbc5db58,Automated update for delayed data
291,2021-01-16,cbc5db58,7074c294,Automated update for delayed data
292,2021-01-17,7074c294,d6a1c0c7,Automated update for delayed data
293,2021-01-18,d6a1c0c7,abc48d1c,Automated update for delayed data
294,2021-01-19,abc48d1c,0b0b2bfc,Automated update for delayed data
295,2021-01-20,0b0b2bfc,657fc59b,Automated update for delayed data
296,2021-01-21,657fc59b,6f129009,Automated update for delayed data for US
297,2021-01-22,6f129009,05d073b3,Automated update
298,2021-01-23,05d073b3,b69f43b4,Automated update for delayed data for US
299,2021-01-24,b69f43b4,bbebdbf9,Automated update for delayed data for US
300,2021-01-25,bbebdbf9,f1e94b4f,Automated update for delayed data for US
301,2021-01-26,f1e94b4f,7719347b,Automated update for delayed data for US
302,2021-01-27,7719347b,62d9737c,Automated update for delayed data for US
303,2021-01-28,62d9737c,377d891e,Automated update
304,2021-01-29,377d891e,4787749f,Automated update for delayed data for US
305,2021-01-30,4787749f,b626642e,Automated update for delayed data for US
306,2021-01-31,b626642e,cb510847,Automated update for delayed data for US
307,2021-02-01,cb510847,0893fac0,Automated update for delayed data for US
308,2021-02-02,0893fac0,0b71a3c1,Automated update for delayed data for US
309,2021-02-03,0b71a3c1,3e60407f,Automated update for delayed data for US
310,2021-02-04,3e60407f,ed25e195,Automated update for delayed data for US
311,2021-02-05,ed25e195,ec122db0,Automated update for delayed data for US
312,2021-02-06,ec122db0,e0f2ecb8,Automated update for delayed data for US
313,2021-02-07,e0f2ecb8,434fcb88,Automated update for delayed data for US
314,2021-02-08,434fcb88,3790e448,Automated update for delayed data for US
315,2021-02-09,3790e448,a7410b42,Automated update for delayed data for US
316,2021-02-10,a7410b42,51c5da60,Automated update for delayed data for US
317,2021-02-11,51c5da60,281ad1c7,Automated update for delayed data for US
318,2021-02-12,281ad1c7,cd23e90e,Automated update for delayed data for US
319,2021-02-13,cd23e90e,4b04ff95,Automated update for delayed data for US
320,2021-02-14,4b04ff95,bb3ad9f6,Automated update for delayed data for US
321,2021-02-15,bb3ad9f6,2fd7b95d,Automated update for delayed data for US
322,2021-02-16,2fd7b95d,32208f91,Automated update for delayed data for US
323,2021-02-17,32208f91,a7b6df19,Automated update for delayed data for US
324,2021-02-18,a7b6df19,4fa22a02,Automated update for delayed data for US
325,2021-02-19,4fa22a02,27be1120,Automated update for delayed data for US
326,2021-02-20,27be1120,b17241af,Automated update for delayed data for US
327,2021-02-21,b17241af,45d0d326,Automated update for delayed data for US
328,2021-02-22,45d0d326,6b099a19,Automated update for delayed data for US
329,2021-02-23,6b099a19,7ddf8877,Automated update for delayed data for US
330,2021-02-24,7ddf8877,599770a2,Automated update for delayed data for US
331,2021-02-25,599770a2,e460b41d,Automated update for delayed data for US
332,2021-02-26,e460b41d,b7b09ea8,Automated update for delayed data for US
333,2021-02-27,b7b09ea8,9ab8c6bb,Automated update
334,2021-02-28,9ab8c6bb,23c33630,Automated update
335,2021-03-01,23c33630,5bd25b83,Automated update
336,2021-03-02,5bd25b83,62610e45,Automated update for delayed data for US
337,2021-03-03,62610e45,bb567853,Automated update for delayed data for US
338,2021-03-04,bb567853,3658ebc4,Automated update for delayed data for US
339,2021-03-05,3658ebc4,1711d298,Automated update for delayed data for US
340,2021-03-06,1711d298,4e6a266e,Automated update for delayed data for US
341,2021-03-07,4e6a266e,7eae19d2,Automated update for delayed data for US
342,2021-03-08,7eae19d2,5d504d94,"Revert ""Delayed automated update for US on 03-07-2021"""
343,2021-03-09,5d504d94,13787277,"Revert ""Delayed automated update for US on 03-08-2021"""
344,2021-03-10,13787277,af8c73a1,Automated update for delayed data for US
345,2021-03-11,af8c73a1,7533d19f,Automated update for delayed data for US
346,2021-03-12,7533d19f,95cae3ca,Automated update for delayed data for US
347,2021-03-13,95cae3ca,721ab4eb,Automated update for delayed data for US
348,2021-03-14,721ab4eb,75f8696f,Automated update for delayed data for US
349,2021-03-15,75f8696f,35a33112,Automated update for delayed data for US
350,2021-03-16,35a33112,d3f2e6fd,Automated update for delayed data for US
351,2021-03-17,d3f2e6fd,d51a4427,Automated update for delayed data for US
352,2021-03-18,d51a4427,264ed320,Automated update for delayed data for US
353,2021-03-19,264ed320,847ae5cc,Automated update for delayed data for US
354,2021-03-20,847ae5cc,bceda261,Automated update for delayed data for US
355,2021-03-21,bceda261,4a7bde41,Automated update for delayed data for US
356,2021-03-22,4a7bde41,21a4c97d,Automated update for delayed data for US
357,2021-03-23,21a4c97d,0b1219a4,Automated update for delayed data for US
358,2021-03-24,0b1219a4,7f5b6716,Automated update for delayed data for US
359,2021-03-25,7f5b6716,73121a70,Automated update for delayed data for US
360,2021-03-26,73121a70,1ce39d63,Automated update
361,2021-03-27,1ce39d63,73ac7776,Automated update for delayed data for US
362,2021-03-28,73ac7776,09637b20,Automated update for delayed data for US
363,2021-03-29,09637b20,4de43e93,Automated update for delayed data for US
364,2021-03-30,4de43e93,5cf66c03,Automated update for delayed data for US
365,2021-03-31,5cf66c03,ff03e545,Automated update for delayed data for US
366,2021-04-01,ff03e545,a869fae6,patch AK data
367,2021-04-02,a869fae6,703c4e75,Automated update for delayed data for US
368,2021-04-03,703c4e75,d8a39521,Automated update for delayed data for US
369,2021-04-04,d8a39521,d7980772,Automated update
370,2021-04-05,d7980772,52da5073,Automated update
371,2021-04-06,52da5073,f8b58952,Automated update for delayed data for US
372,2021-04-07,f8b58952,7dea51da,Automated update for delayed data for US
373,2021-04-08,7dea51da,ff825fd0,Automated update for delayed data for US
374,2021-04-09,ff825fd0,485bb150,Automated update for delayed data for US
375,2021-04-10,485bb150,da3f3ec0,Automated update for delayed data for US
376,2021-04-11,da3f3ec0,14965eed,Automated update for delayed data for US
377,2021-04-12,14965eed,8f18ccda,Automated update for delayed data for US
378,2021-04-13,8f18ccda,ede6ea54,Automated update for delayed data for US
379,2021-04-14,ede6ea54,c8cb7b02,Automated update for delayed data for US
380,2021-04-15,c8cb7b02,934eef04,Automated update for delayed data for US
381,2021-04-16,934eef04,4aadfa52,Automated update for delayed data for US
382,2021-04-17,4aadfa52,ba444d6c,Automated update for delayed data for US
383,2021-04-18,ba444d6c,4196eb7b,Automated update for delayed data for US
384,2021-04-19,4196eb7b,5275e567,Automated update for delayed data for US
385,2021-04-20,5275e567,d78b37a0,Automated update for delayed data for US
386,2021-04-21,d78b37a0,cb5c5966,Automated update for delayed data for US
387,2021-04-22,cb5c5966,5bcc253c,Automated update for delayed data for US
388,2021-04-23,5bcc253c,003c4017,Automated update for delayed data for US
389,2021-04-24,003c4017,02fd83a3,Automated update
390,2021-04-25,02fd83a3,b898ffce,Automated update for delayed data for US
391,2021-04-26,b898ffce,fef1ea17,Automated update for delayed data for US
392,2021-04-27,fef1ea17,5a32b5f4,Automated update for delayed data for US
393,2021-04-28,5a32b5f4,1cc4046b,Automated update for delayed data for US
394,2021-04-29,1cc4046b,ce48a892,Automated update for delayed data for US
395,2021-04-30,ce48a892,e8781819,Automated update for delayed data for US
396,2021-05-01,e8781819,cac9ee80,Automated update for delayed data for US
397,2021-05-02,cac9ee80,e3effdc8,Automated update for delayed data for US
398,2021-05-03,e3effdc8,cf832ed0,Automated update for delayed data for US
399,2021-05-04,cf832ed0,5c7b9d03,Automated update for delayed data for US
400,2021-05-05,5c7b9d03,a393ebb3,Automated update for delayed data for US
401,2021-05-06,a393ebb3,51cb3eeb,Automated update for delayed data for US
402,2021-05-07,51cb3eeb,e96c7ce9,Automated update for delayed data for US
403,2021-05-08,e96c7ce9,ae0625da,Automated update for delayed data for US
404,2021-05-09,ae0625da,1743a79c,Automated update for delayed data for US
405,2021-05-10,1743a79c,0502622a,Automated update for delayed data for US
406,2021-05-11,0502622a,371e9b5d,Automated update for delayed data for US
407,2021-05-12,371e9b5d,09ab8ae9,Automated update for delayed data for US
408,2021-05-13,09ab8ae9,ca659095,Automated update for delayed data for US
409,2021-05-14,ca659095,ac7caee8,Automated update
410,2021-05-15,ac7caee8,678c8370,Automated update for delayed data for US
411,2021-05-16,678c8370,803ad653,Automated update for delayed data for US
412,2021-05-17,803ad653,1320b47f,Automated update for delayed data for US
413,2021-05-18,1320b47f,bd8171f9,"Patch Hampden, MA for 2021-05-17"
414,2021-05-19,bd8171f9,dac27b87,Automated update for delayed data for US
415,2021-05-20,dac27b87,47729603,Automated update for delayed data for US
416,2021-05-21,47729603,2385b6e2,Automated update for delayed data for US
417,2021-05-22,2385b6e2,0e18f500,Automated update for delayed data for US
418,2021-05-23,0e18f500,f8db94ae,Automated update for delayed data for US
419,2021-05-24,f8db94ae,aa11f22c,Automated update for delayed data for US
420,2021-05-25,aa11f22c,f5d8c94d,Hold older NM data stale and adjust with Unassigned
421,2021-05-26,f5d8c94d,a3a46ad5,Automated update for delayed data for US
422,2021-05-27,a3a46ad5,85c40814,Automated update for delayed data for US
423,2021-05-28,85c40814,5176fcf4,Automated update for delayed data for US
424,2021-05-29,5176fcf4,75f7651a,Automated update for delayed data for US
425,2021-05-30,75f7651a,7a1d05c9,Automated update for delayed data for US
426,2021-05-31,7a1d05c9,3fef5667,Automated update for delayed data for US
427,2021-06-01,3fef5667,81cb9954,Automated update for delayed data for US
428,2021-06-02,81cb9954,c4bae41b,Automated update for delayed data for US
429,2021-06-03,c4bae41b,47d1c69e,Automated update for delayed data for US
430,2021-06-04,47d1c69e,dd750b3b,Automated update for delayed data for US
431,2021-06-05,dd750b3b,9b2ee63b,Automated update for delayed data for US
432,2021-06-06,9b2ee63b,e0daeffa,Automated update for delayed data for US
433,2021-06-07,e0daeffa,191c1d87,Automated update for delayed data for US
434,2021-06-08,191c1d87,0ec50509,Automated update for delayed data for US
435,2021-06-09,0ec50509,8714ccd5,Automated update
436,2021-06-10,8714ccd5,fceaa350,Automated update
437,2021-06-11,fceaa350,dd1e3f39,Automated update
438,2021-06-12,dd1e3f39,16d358e6,Automated update
439,2021-06-13,16d358e6,f2530df9,Automated update
440,2021-06-14,f2530df9,4ce2e1e9,Automated update
441,2021-06-15,4ce2e1e9,f41c5e79,Automated update
442,2021-06-16,f41c5e79,271fb530,Automated update for delayed data for US
443,2021-06-17,271fb530,f4e562a5,Automated update
444,2021-06-18,f4e562a5,532f387d,Automated update
445,2021-06-19,532f387d,833a9b43,Automated update
446,2021-06-20,833a9b43,d6b18deb,Automated update
447,2021-06-21,d6b18deb,aec2c8e0,Automated update
448,2021-06-22,aec2c8e0,9492e57f,Automated update
449,2021-06-23,9492e57f,ef83ca35,Automated update for delayed data for US
450,2021-06-24,ef83ca35,efdc9b00,Automated update
451,2021-06-25,efdc9b00,e9a00edf,Automated update
452,2021-06-26,e9a00edf,7bc272a7,Automated update
453,2021-06-27,7bc272a7,bb34d32c,Automated update for delayed data for US
454,2021-06-28,bb34d32c,e505b2c6,Automated update
455,2021-06-29,e505b2c6,70a72cf8,Automated update for delayed data for US
456,2021-06-30,70a72cf8,23389e2c,Automated update
457,2021-07-01,23389e2c,fb6900cd,Automated update for delayed data for US
458,2021-07-02,fb6900cd,763b4060,Automated update for delayed data for US
459,2021-07-03,763b4060,344a8b99,Automated update
460,2021-07-04,344a8b99,8c74ef99,Automated update for delayed data for US
461,2021-07-05,8c74ef99,09e0f80e,Automated update
462,2021-07-06,09e0f80e,9845beaf,Automated update
463,2021-07-07,9845beaf,05e3446a,Automated update for delayed data for US
464,2021-07-08,05e3446a,478eb30f,Automated update
465,2021-07-09,478eb30f,d388423e,Automated update
466,2021-07-10,d388423e,745bab58,Automated update for delayed data for US
467,2021-07-11,745bab58,5a247a2a,Automated update
468,2021-07-12,5a247a2a,c4110401,Automated update
469,2021-07-13,c4110401,d2c980e8,Automated update
470,2021-07-14,d2c980e8,e3e57f31,Automated update
471,2021-07-15,e3e57f31,d00647c3,patch hawaii data for 07-14-2021
472,2021-07-16,d00647c3,48a89b69,Automated update
473,2021-07-17,48a89b69,5692913e,Automated update for delayed data for US
474,2021-07-18,5692913e,f035e8bb,Automated update for delayed data for US
475,2021-07-19,f035e8bb,539c3a15,Automated update
476,2021-07-20,539c3a15,b101aa0e,Automated update
477,2021-07-21,b101aa0e,4b48839f,Automated update
478,2021-07-22,4b48839f,04d80e2c,Automated update
479,2021-07-23,04d80e2c,32bcd539,Automated update
480,2021-07-24,32bcd539,6401d95d,Automated update
481,2021-07-25,6401d95d,87aeb940,Automated update
482,2021-07-26,87aeb940,ff232729,Automated update
483,2021-07-27,ff232729,63c5b1fc,patch puerto rico for 07-26-2021
484,2021-07-28,63c5b1fc,12d0a5ab,Automated update
485,2021-07-29,12d0a5ab,5a1d5150,Automated update
486,2021-07-30,5a1d5150,7e960801,patch west virginia data for 07-29-2021
487,2021-07-31,7e960801,86f039bb,Automated update
488,2021-08-01,86f039bb,fa5579b1,Automated update
489,2021-08-02,fa5579b1,0bc944eb,Automated update for delayed data for US
490,2021-08-03,0bc944eb,cf7d75b1,Automated update
491,2021-08-04,cf7d75b1,6a0f6b1a,Automated update
492,2021-08-05,6a0f6b1a,83c627a7,Automated update
493,2021-08-06,83c627a7,422f5a07,Automated update for delayed data for US
494,2021-08-07,422f5a07,8c97a013,Automated update
495,2021-08-08,8c97a013,7ed74be1,Automated update
496,2021-08-09,7ed74be1,aee774c6,Automated update for delayed data for US
497,2021-08-10,aee774c6,52882ac3,Automated update
498,2021-08-11,52882ac3,5e069785,Automated update for delayed data for US
499,2021-08-12,5e069785,ffc481cc,Automated update
500,2021-08-13,ffc481cc,adbbf8e7,Automated update
501,2021-08-14,adbbf8e7,16cdcdb9,Automated update
502,2021-08-15,16cdcdb9,b5f90c7a,Automated update
503,2021-08-16,b5f90c7a,2875c444,Automated update
504,2021-08-17,2875c444,7fe650e9,Automated update for delayed data for US
505,2021-08-18,7fe650e9,2ab8b9d7,Automated update for delayed data for US
506,2021-08-19,2ab8b9d7,717b0153,patch alaska data for 08-18-2021
507,2021-08-20,717b0153,d31b53fd,Automated update
508,2021-08-21,d31b53fd,526cb50d,Automated update
509,2021-08-22,526cb50d,7bd03229,Automated update
510,2021-08-23,7bd03229,74a2c215,Automated update
511,2021-08-24,74a2c215,a2b24c01,Automated update for delayed data for US
512,2021-08-25,a2b24c01,0fda933f,Automated update
513,2021-08-26,0fda933f,c765a31a,Automated update
514,2021-08-27,c765a31a,bb2a0f3a,Automated update
515,2021-08-28,bb2a0f3a,bdc5b597,Automated update for delayed data for US
516,2021-08-29,bdc5b597,f3b3e28a,Automated update for delayed data for US
517,2021-08-30,f3b3e28a,ecf2bf38,Automated update
518,2021-08-31,ecf2bf38,3f713a24,Automated update
519,2021-09-01,3f713a24,899ecb2d,Automated update
520,2021-09-02,899ecb2d,8183f7d6,Automated update
521,2021-09-03,8183f7d6,ecf1b656,Automated update
522,2021-09-04,ecf1b656,e7fbe872,Automated update
523,2021-09-05,e7fbe872,49bdf9d5,Automated update
524,2021-09-06,49bdf9d5,fa7263f1,Automated update
525,2021-09-07,fa7263f1,0be7fbc7,Automated update
526,2021-09-08,0be7fbc7,3b31a5d9,Automated update
527,2021-09-09,3b31a5d9,3efa342c,Automated update for delayed data for US
528,2021-09-10,3efa342c,34f6c587,Automated update for delayed data for US
529,2021-09-11,34f6c587,0c80c418,Automated update for delayed data for US
530,2021-09-12,0c80c418,4631ef71,Automated update
531,2021-09-13,4631ef71,a5a1fd0d,Automated update
532,2021-09-14,a5a1fd0d,4d173aa3,Automated update
533,2021-09-15,4d173aa3,b4c3ae67,Automated update for delayed data for US
534,2021-09-16,b4c3ae67,037b0663,Automated update
535,2021-09-17,037b0663,0fb5e785,Automated update
536,2021-09-18,0fb5e785,955832a6,Automated update
537,2021-09-19,955832a6,4644914f,Automated update
538,2021-09-20,4644914f,a3b37a06,Automated update
539,2021-09-21,a3b37a06,3d492816,Automated update for delayed data for US
540,2021-09-22,3d492816,98a49f73,Automated update
541,2021-09-23,98a49f73,9697c685,Automated update
542,2021-09-24,9697c685,8d3e2785,Automated update for delayed data for US
543,2021-09-25,8d3e2785,01bc3c88,Automated update
544,2021-09-26,01bc3c88,85d15b52,Automated update
545,2021-09-27,85d15b52,665d6de2,Automated update
546,2021-09-28,665d6de2,252c16c6,Automated update for delayed data for US
547,2021-09-29,252c16c6,e92c1923,Automated update
548,2021-09-30,e92c1923,5cf20f97,Automated update for delayed data for US
549,2021-10-01,5cf20f97,d771bc8a,Automated update
550,2021-10-02,d771bc8a,227770f6,Automated update
551,2021-10-03,227770f6,22dbee5e,Automated update
552,2021-10-04,22dbee5e,98fdeebc,Automated update
553,2021-10-05,98fdeebc,083f50c2,Automated update
554,2021-10-06,083f50c2,dd08d4b3,Automated update
555,2021-10-07,dd08d4b3,50a08a94,Automated update
556,2021-10-08,50a08a94,a95804f0,Automated update
557,2021-10-09,a95804f0,da60f634,Automated update
558,2021-10-10,da60f634,dc892c5c,Automated update
559,2021-10-11,dc892c5c,268f9b23,Automated update
560,2021-10-12,268f9b23,a6ea94f6,Automated update
561,2021-10-13,a6ea94f6,8cebbda8,Automated update
562,2021-10-14,8cebbda8,ba1ada10,Automated update
563,2021-10-15,ba1ada10,858af6c9,Automated update
564,2021-10-16,858af6c9,709781a3,Automated update
565,2021-10-17,709781a3,de51a235,Automated update
566,2021-10-18,de51a235,6331b582,Automated update
567,2021-10-19,6331b582,f6eaa865,Automated update
568,2021-10-20,f6eaa865,2fba588c,Automated update
569,2021-10-21,2fba588c,d79b5cbf,Automated update
570,2021-10-22,d79b5cbf,feb94b7c,Automated update
571,2021-10-23,feb94b7c,e6085657,Automated update
572,2021-10-24,e6085657,92b23038,Automated update
573,2021-10-25,92b23038,9d4b1e48,Automated update
574,2021-10-26,9d4b1e48,8cbefeab,patch california data for 10-25-2021
575,2021-10-27,8cbefeab,6d89434d,Automated update
576,2021-10-28,6d89434d,44ada949,Automated update
577,2021-10-29,44ada949,9f68b038,Automated update
578,2021-10-30,9f68b038,24db7c1f,Automated update
579,2021-10-31,24db7c1f,77175b15,Automated update
580,2021-11-01,77175b15,c6b2c512,Automated update
581,2021-11-02,c6b2c512,466741db,Automated update
582,2021-11-03,466741db,e370f101,Automated update
583,2021-11-04,e370f101,a493a2a4,Automated update
584,2021-11-05,a493a2a4,40ccf69f,Automated update
585,2021-11-06,40ccf69f,5869363a,Automated update
586,2021-11-07,5869363a,3d44d23b,Automated update
587,2021-11-08,3d44d23b,e24522ef,Automated update
588,2021-11-09,e24522ef,107de351,Automated update
589,2021-11-10,107de351,05f5ca43,Automated update
590,2021-11-11,05f5ca43,c41eac36,Automated update
591,2021-11-12,c41eac36,7beac4b0,Automated update
592,2021-11-13,7beac4b0,5a45b841,Automated update
593,2021-11-14,5a45b841,2b17a92d,Automated update
594,2021-11-15,2b17a92d,181ee720,Automated update
595,2021-11-16,181ee720,86a4cea2,Automated update
596,2021-11-17,86a4cea2,5a5aada1,Automated update
597,2021-11-18,5a5aada1,e3f78a2d,Automated update for delayed data for US
598,2021-11-19,e3f78a2d,ea0c05d7,Automated update
599,2021-11-20,ea0c05d7,76fda91d,Automated update
600,2021-11-21,76fda91d,e4423892,Automated update
601,2021-11-22,e4423892,cda7189d,Automated update
602,2021-11-23,cda7189d,e4fca86f,patch guam data for 11-22-2021
603,2021-11-24,e4fca86f,3c99632e,Automated update
604,2021-11-25,3c99632e,b1765e0a,patch hawaii data for 11-24-2021
605,2021-11-26,b1765e0a,d81c806e,patch hawaii data
606,2021-11-27,d81c806e,b626da83,Automated update
607,2021-11-28,b626da83,40e870ba,Automated update
608,2021-11-29,40e870ba,f4037df0,Automated update
609,2021-11-30,f4037df0,9b55b031,Automated update
610,2021-12-01,9b55b031,fc6ea24a,Automated update
611,2021-12-02,fc6ea24a,9f3bec60,Automated update for delayed data for US
612,2021-12-03,9f3bec60,54985f97,Automated update for delayed data for US
613,2021-12-04,54985f97,a919b2b2,Automated update
614,2021-12-05,a919b2b2,87981c70,Automated update
615,2021-12-06,87981c70,e5f39588,Automated update
616,2021-12-07,e5f39588,1b3e8b2b,Automated update for delayed data for US
617,2021-12-08,1b3e8b2b,aa6a96e9,Automated update
618,2021-12-09,aa6a96e9,b90594f1,Automated update
619,2021-12-10,b90594f1,215ced16,Automated update
620,2021-12-11,215ced16,246f0815,Automated update for delayed data for US
621,2021-12-12,246f0815,b753f745,Automated update
622,2021-12-13,b753f745,03f19c5e,Automated update
623,2021-12-14,03f19c5e,8b0f076a,Automated update
624,2021-12-15,8b0f076a,eaef2dee,Automated update
625,2021-12-16,eaef2dee,8deb613f,Automated update
626,2021-12-17,8deb613f,294ba612,Automated update for delayed data for US
627,2021-12-18,294ba612,9da7a82f,Automated update
628,2021-12-19,9da7a82f,48c36247,Automated update
629,2021-12-20,48c36247,29cb2a90,Automated update
630,2021-12-21,29cb2a90,ecc2cb7a,Automated update
631,2021-12-22,ecc2cb7a,c1db585d,Automated update
632,2021-12-23,c1db585d,479b0655,Automated update
633,2021-12-24,479b0655,80cd13cb,Automated update for delayed data for US
634,2021-12-25,80cd13cb,c200acfb,Automated update
635,2021-12-26,c200acfb,d729fb77,Automated update
636,2021-12-27,d729fb77,6a91c504,Automated update
637,2021-12-28,6a91c504,067e29e6,Automated update
638,2021-12-29,067e29e6,8df413c5,Automated update
639,2021-12-30,8df413c5,358440ed,Automated update
640,2021-12-31,358440ed,4d3e200d,Automated update
641,2022-01-01,4d3e200d,93c020c8,Automated update
642,2022-01-02,93c020c8,e967b135,Automated update
643,2022-01-03,e967b135,68c1bda1,Automated update
644,2022-01-04,68c1bda1,87915d89,Automated update for delayed data for US
645,2022-01-05,87915d89,41e90f2b,patch wisconsin data for 01-04-2022
646,2022-01-06,41e90f2b,d05a2a15,Automated update for delayed data for US
647,2022-01-07,d05a2a15,ead6dc83,Automated update for delayed data for US
648,2022-01-08,ead6dc83,24bffc6a,Automated update
649,2022-01-09,24bffc6a,6739d669,Automated update for delayed data for US
650,2022-01-10,6739d669,ed3fba55,Automated update for delayed data for US
651,2022-01-11,ed3fba55,b849410b,Automated update
652,2022-01-12,b849410b,6ad691c8,Automated update for delayed data for US
653,2022-01-13,6ad691c8,34282eae,Automated update
654,2022-01-14,34282eae,24c86082,Automated update for delayed data for US
655,2022-01-15,24c86082,15a805cc,Automated update for delayed data for US
656,2022-01-16,15a805cc,e952d479,Automated update for delayed data for US
657,2022-01-17,e952d479,4ba2011c,Automated update
658,2022-01-18,4ba2011c,510101b2,Automated update for delayed data for US
659,2022-01-19,510101b2,ecd9d538,Automated update for delayed data for US
660,2022-01-20,ecd9d538,a2d45876,Automated update for delayed data for US
661,2022-01-21,a2d45876,271263b0,Automated update for delayed data for US
662,2022-01-22,271263b0,1f85996d,Automated update for delayed data for US
663,2022-01-23,1f85996d,2675a00a,Automated update for delayed data for US
664,2022-01-24,2675a00a,1a1d88c2,Automated update for delayed data for US
665,2022-01-25,1a1d88c2,74333c6c,Automated update
666,2022-01-26,74333c6c,1a3f382d,Automated update
667,2022-01-27,1a3f382d,39df98cf,Automated update for delayed data for US
668,2022-01-28,39df98cf,637c19b0,Automated update for delayed data for US
669,2022-01-29,637c19b0,02c8a7bb,patch california data for 01-28-2022
670,2022-01-30,02c8a7bb,fa8cbf7f,Automated update for delayed data for US
671,2022-01-31,fa8cbf7f,fee47bc4,Automated update for delayed data for US
672,2022-02-01,fee47bc4,8f7bd79f,Automated update
673,2022-02-02,8f7bd79f,e72a827c,Automated update
674,2022-02-03,e72a827c,1b25bd35,Automated update
675,2022-02-04,1b25bd35,aa6dbbe0,Automated update for delayed data for US
676,2022-02-05,aa6dbbe0,dca4bed9,Automated update for delayed data for US
677,2022-02-06,dca4bed9,f3af552e,Automated update
678,2022-02-07,f3af552e,116fcc30,Automated update
679,2022-02-08,116fcc30,bff842fc,Automated update for delayed data for US
680,2022-02-09,bff842fc,da9e2ed3,Automated update
681,2022-02-10,da9e2ed3,e85c5816,Automated update for delayed data for US
682,2022-02-11,e85c5816,1a705266,Automated update for delayed data for US
683,2022-02-12,1a705266,e22808d8,Automated update
684,2022-02-13,e22808d8,64e57c1c,Automated update for delayed data for US
685,2022-02-14,64e57c1c,b92bd8ff,Automated update
686,2022-02-15,b92bd8ff,e31379d3,Automated update
687,2022-02-16,e31379d3,c6179bfd,Automated update
688,2022-02-17,c6179bfd,bab296ea,Automated update for delayed data for US
689,2022-02-18,bab296ea,758378ee,Automated update
690,2022-02-19,758378ee,80fd60c9,Automated update for delayed data for US
691,2022-02-20,80fd60c9,4a818ce5,Automated update
692,2022-02-21,4a818ce5,66c3e82e,Automated update
693,2022-02-22,66c3e82e,b84fd80b,Automated update
694,2022-02-23,b84fd80b,5681b347,Automated update for delayed data for US
695,2022-02-24,5681b347,966c50fb,Automated update
696,2022-02-25,966c50fb,df4e5339,Automated update for delayed data for US
697,2022-02-26,df4e5339,d83a8193,Automated update
698,2022-02-27,d83a8193,2f7d0659,Automated update
699,2022-02-28,2f7d0659,9e4a8ab1,Automated update
700,2022-03-01,9e4a8ab1,0c443e56,Automated update
701,2022-03-02,0c443e56,52bcdb33,Automated update for delayed data for US
702,2022-03-03,52bcdb33,81b6376f,Automated update
703,2022-03-04,81b6376f,30d4937b,Automated update
704,2022-03-05,30d4937b,da2958e8,Automated update for delayed data for US
705,2022-03-06,da2958e8,723b9beb,Automated update
706,2022-03-07,723b9beb,5c243699,Automated update
707,2022-03-08,5c243699,a0b3fc3c,Automated update for delayed data for US
708,2022-03-09,a0b3fc3c,f052364d,Automated update
709,2022-03-10,f052364d,e86550b2,Automated update
710,2022-03-11,e86550b2,96f8d2fe,Automated update
711,2022-03-12,96f8d2fe,05930bd2,Automated update
712,2022-03-13,05930bd2,7163aa07,Automated update
713,2022-03-14,7163aa07,5f103160,Automated update
714,2022-03-15,5f103160,e9616d1c,Automated update
715,2022-03-16,e9616d1c,371fa255,Automated update
716,2022-03-17,371fa255,2251f68d,Automated update
717,2022-03-18,2251f68d,9acb98bb,Automated update
718,2022-03-19,9acb98bb,06a23da5,Automated update
719,2022-03-20,06a23da5,dd44d65c,Automated update
720,2022-03-21,dd44d65c,ca9bd76c,Automated update
721,2022-03-22,ca9bd76c,ce1174f2,Automated update
722,2022-03-23,ce1174f2,7a1c918e,Automated update
723,2022-03-24,7a1c918e,c1362c99,Automated update
724,2022-03-25,c1362c99,c6b7ae6e,Automated update for delayed data for US
725,2022-03-26,c6b7ae6e,69b9be27,Automated update
726,2022-03-27,69b9be27,0da82829,Automated update
727,2022-03-28,0da82829,4b3942dc,Automated update
728,2022-03-29,4b3942dc,a44d7116,Automated update
729,2022-03-30,a44d7116,e7f5c90c,Automated update
730,2022-03-31,e7f5c90c,665aed01,Automated update
731,2022-04-01,665aed01,17870d22,Automated update
732,2022-04-02,17870d22,115f1ff1,Automated update
733,2022-04-03,115f1ff1,33443523,Automated update
734,2022-04-04,33443523,499a4ff1,Automated update
735,2022-04-05,499a4ff1,759131a3,Automated update
736,2022-04-06,759131a3,3cc3f93e,Automated update
737,2022-04-07,3cc3f93e,8fbe4db5,Automated update
738,2022-04-08,8fbe4db5,5bf114a2,Automated update
739,2022-04-09,5bf114a2,297c2d38,Automated update
740,2022-04-10,297c2d38,1fa75560,Automated update
741,2022-04-11,1fa75560,c756d1b3,Automated update
742,2022-04-12,c756d1b3,ab4f1f8d,Automated update
743,2022-04-13,ab4f1f8d,7561ffbf,Automated update
744,2022-04-14,7561ffbf,fd2a92a0,Automated update for delayed data for US
745,2022-04-15,fd2a92a0,6cf2125e,Automated update
746,2022-04-16,6cf2125e,96ab8e14,Automated update
747,2022-04-17,96ab8e14,c9aba99c,Automated update
748,2022-04-18,c9aba99c,b3b8d4f6,Automated update
749,2022-04-19,b3b8d4f6,a02a61ff,Automated update
750,2022-04-20,a02a61ff,81fed74b,Automated update
751,2022-04-21,81fed74b,a644fc8a,Automated update
752,2022-04-22,a644fc8a,42a76ca0,Automated update
753,2022-04-23,42a76ca0,29228685,Automated update
754,2022-04-24,29228685,5257b609,Automated update
755,2022-04-25,5257b609,b55d3a01,Automated update
756,2022-04-26,b55d3a01,4ed780e8,patched nebraska data for 04-25-2022
757,2022-04-27,4ed780e8,14133361,Automated update
758,2022-04-28,14133361,58569333,Automated update
759,2022-04-29,58569333,3fe92875,Automated update
760,2022-04-30,3fe92875,8b2bee03,Automated update
761,2022-05-01,8b2bee03,ec821367,Automated update
762,2022-05-02,ec821367,f6bd7a7e,Automated update
763,2022-05-03,f6bd7a7e,448c7f7d,Automated update
764,2022-05-04,448c7f7d,78e941b3,Automated update
765,2022-05-05,78e941b3,b9ee766a,Automated update
766,2022-05-06,b9ee766a,08759ab5,Automated update
767,2022-05-07,08759ab5,d473f448,Automated update
768,2022-05-08,d473f448,f0bf1912,Automated update
769,2022-05-09,f0bf1912,dbff0633,Automated update
770,2022-05-10,dbff0633,b1e35ae6,Automated update
771,2022-05-11,b1e35ae6,77f9fa97,Automated update
772,2022-05-12,77f9fa97,bd8d0328,Automated update
773,2022-05-13,bd8d0328,b9a414ce,Automated update
774,2022-05-14,b9a414ce,7aa7ca50,Automated update
775,2022-05-15,7aa7ca50,c378b8da,Automated update
776,2022-05-16,c378b8da,191a4095,Automated update
777,2022-05-17,191a4095,54a09dfb,Automated update
778,2022-05-18,54a09dfb,6a9b806b,Automated update
779,2022-05-19,6a9b806b,fc6c834e,Automated update
780,2022-05-20,fc6c834e,bbba30f0,Automated update
781,2022-05-21,bbba30f0,eaf105ca,Automated update
782,2022-05-22,eaf105ca,9999c3ae,Automated update
783,2022-05-23,9999c3ae,2eb81f01,Automated update
784,2022-05-24,2eb81f01,19edf559,Automated update
785,2022-05-25,19edf559,a6f2dc32,Automated update
786,2022-05-26,a6f2dc32,1f057240,Automated update
787,2022-05-27,1f057240,0c2f8e63,Automated update
788,2022-05-28,0c2f8e63,c5e66d92,Automated update
789,2022-05-29,c5e66d92,41094859,Automated update
790,2022-05-30,41094859,40d08903,Automated update
791,2022-05-31,40d08903,6b4ed29c,Automated update
792,2022-06-01,6b4ed29c,791089e0,Automated update
793,2022-06-02,791089e0,63588932,patch illinois data from 06-20-2021 to 05-31-2022
794,2022-06-03,63588932,f1a82423,Automated update
795,2022-06-04,f1a82423,383abec3,Automated update
796,2022-06-05,383abec3,98da4468,Automated update
797,2022-06-06,98da4468,235cd50e,Automated update
798,2022-06-07,235cd50e,3be5ce6a,Automated update
799,2022-06-08,3be5ce6a,65879a43,Automated update
800,2022-06-09,65879a43,9bc1984f,Automated update
801,2022-06-10,9bc1984f,3946848d,Automated update
802,2022-06-11,3946848d,21327c96,Automated update
803,2022-06-12,21327c96,544518c7,Automated update
804,2022-06-13,544518c7,4529a85b,Automated update
805,2022-06-14,4529a85b,e4e4c3ee,Automated update
806,2022-06-15,e4e4c3ee,aff674d9,Automated update
807,2022-06-16,aff674d9,50ed7826,Automated update
808,2022-06-17,50ed7826,f87e300a,Automated update
809,2022-06-18,f87e300a,80a0654e,Automated update
810,2022-06-19,80a0654e,fa21d6f9,Automated update
811,2022-06-20,fa21d6f9,3f4cd536,Automated update
812,2022-06-21,3f4cd536,cd8334c4,Automated update
813,2022-06-22,cd8334c4,e39614f3,Automated update
814,2022-06-23,e39614f3,e98627da,Automated update
815,2022-06-24,e98627da,371407cd,Automated update
816,2022-06-25,371407cd,587313b9,Automated update
817,2022-06-26,587313b9,e24bb466,Automated update
818,2022-06-27,e24bb466,8066ccfc,Automated update
819,2022-06-28,8066ccfc,3ace6785,Automated update
820,2022-06-29,3ace6785,daf3d642,Automated update
821,2022-06-30,daf3d642,1322ef2a,Automated update
822,2022-07-01,1322ef2a,bf11eb2e,Automated update
823,2022-07-02,bf11eb2e,910cda45,Automated update
824,2022-07-03,910cda45,abed4bc3,Automated update
825,2022-07-04,abed4bc3,81db491c,Automated update
826,2022-07-05,81db491c,71a0b067,Automated update
827,2022-07-06,71a0b067,a1769a1a,Automated update
828,2022-07-07,a1769a1a,ce8c3d56,Automated update
829,2022-07-08,ce8c3d56,9b8b75cf,Automated update
830,2022-07-09,9b8b75cf,b925a796,Automated update
831,2022-07-10,b925a796,e0d7a71f,Automated update
832,2022-07-11,e0d7a71f,755429f6,Automated update
833,2022-07-12,755429f6,0dfd2bb3,Automated update
834,2022-07-13,0dfd2bb3,e17b8fe0,Automated update
835,2022-07-14,e17b8fe0,8a1171b4,Automated update
836,2022-07-15,8a1171b4,50c431db,patch washington data for 07-14-2022
837,2022-07-16,50c431db,e2be4237,Automated update
838,2022-07-17,e2be4237,41a1b912,Automated update
839,2022-07-18,41a1b912,85d3f898,Automated update
840,2022-07-19,85d3f898,f583d01c,Automated update
841,2022-07-20,f583d01c,a4518cef,Automated update
842,2022-07-21,a4518cef,f63a6852,Automated update
843,2022-07-22,f63a6852,a9916373,Automated update
844,2022-07-23,a9916373,1cb4910a,Automated update
845,2022-07-24,1cb4910a,8393f289,Automated update
846,2022-07-25,8393f289,0b5ba07a,Automated update
847,2022-07-26,0b5ba07a,d85faeaf,Automated update
848,2022-07-27,d85faeaf,f951fc01,Automated update
849,2022-07-28,f951fc01,435e5f9b,Automated update
850,2022-07-29,435e5f9b,f74f8d0c,Automated update
851,2022-07-30,f74f8d0c,c5650bd2,Automated update
852,2022-07-31,c5650bd2,2a788999,Automated update
853,2022-08-01,2a788999,3f293970,Automated update
854,2022-08-02,3f293970,aca2797f,Automated update
855,2022-08-03,aca2797f,b5eb8c68,Automated update
856,2022-08-04,b5eb8c68,b873059c,Automated update
857,2022-08-05,b873059c,677e3710,Automated update
858,2022-08-06,677e3710,9b9bd7cc,Automated update
859,2022-08-07,9b9bd7cc,e62f902b,Automated update
860,2022-08-08,e62f902b,4aa36a3f,Automated update
861,2022-08-09,4aa36a3f,89fd33d3,Automated update
862,2022-08-10,89fd33d3,bd776ce3,Automated update
863,2022-08-11,bd776ce3,dc01ee2d,Automated update
864,2022-08-12,dc01ee2d,e317c3d5,patch ohio data weekly
865,2022-08-13,e317c3d5,1845b868,Automated update
866,2022-08-14,1845b868,5bf53366,Automated update
867,2022-08-15,5bf53366,6fddcc91,Automated update
868,2022-08-16,6fddcc91,ae4705fa,Automated update
869,2022-08-17,ae4705fa,1269ee78,Automated update
870,2022-08-18,1269ee78,dee55f08,Automated update
871,2022-08-19,dee55f08,f9396d62,Automated update
872,2022-08-20,f9396d62,c036185b,Automated update
873,2022-08-21,c036185b,1dc669fd,Automated update
874,2022-08-22,1dc669fd,01587068,Automated update
875,2022-08-23,01587068,4cb9779b,Automated update
876,2022-08-24,4cb9779b,21c7cea8,Automated update
877,2022-08-25,21c7cea8,da3d0063,Automated update
878,2022-08-26,da3d0063,11497f93,Automated update
879,2022-08-27,11497f93,c8c300fe,Automated update
880,2022-08-28,c8c300fe,f12dafb6,Automated update
881,2022-08-29,f12dafb6,576f2f06,Automated update
882,2022-08-30,576f2f06,8a603b55,Automated update
883,2022-08-31,8a603b55,0c569e98,Automated update
884,2022-09-01,0c569e98,24e92f85,Automated update
885,2022-09-02,24e92f85,4dfb28cb,Automated update
886,2022-09-03,4dfb28cb,9c83d8bc,Automated update
887,2022-09-04,9c83d8bc,9a1a6510,Automated update
888,2022-09-05,9a1a6510,6d14e6ef,Automated update
889,2022-09-06,6d14e6ef,aa77107d,Automated update
890,2022-09-07,aa77107d,7d05a60f,Automated update for delayed data for US
891,2022-09-08,7d05a60f,4e905e06,Automated update
892,2022-09-09,4e905e06,f528ebc0,Automated update
893,2022-09-10,f528ebc0,c570d6b0,Automated update
894,2022-09-11,c570d6b0,fcb94dc3,Automated update
895,2022-09-12,fcb94dc3,e5335016,Automated update
896,2022-09-13,e5335016,cfd7b58f,Automated update
897,2022-09-14,cfd7b58f,0e7a09ef,Automated update
898,2022-09-15,0e7a09ef,29b93cf5,Automated update
899,2022-09-16,29b93cf5,d915f691,Automated update
900,2022-09-17,d915f691,8508def6,Automated update
901,2022-09-18,8508def6,4e33f656,Automated update
902,2022-09-19,4e33f656,1f418660,Automated update
903,2022-09-20,1f418660,55c5c12d,Automated update
904,2022-09-21,55c5c12d,80d3378b,Automated update
905,2022-09-22,80d3378b,f597a0b4,Automated update
906,2022-09-23,f597a0b4,db9bebfc,Automated update
907,2022-09-24,db9bebfc,1f2a2ee1,Automated update
908,2022-09-25,1f2a2ee1,ed041aae,Automated update
909,2022-09-26,ed041aae,6902780b,Automated update
910,2022-09-27,6902780b,168bcc7b,Automated update
911,2022-09-28,168bcc7b,9fc4c6c0,Automated update
912,2022-09-29,9fc4c6c0,52ba26bb,Automated update
913,2022-09-30,52ba26bb,69d74ad7,Automated update
914,2022-10-01,69d74ad7,ac2425d2,Automated update
915,2022-10-02,ac2425d2,5eb235c8,Automated update
916,2022-10-03,5eb235c8,3c9bba99,Automated update
917,2022-10-04,3c9bba99,6a022701,Automated update
918,2022-10-05,6a022701,d67279dd,Automated update
919,2022-10-06,d67279dd,c168bc1e,Automated update
920,2022-10-07,c168bc1e,26415c3f,Automated update
921,2022-10-08,26415c3f,05c77de7,Automated update
922,2022-10-09,05c77de7,08e214bf,Automated update
923,2022-10-10,08e214bf,1014ab78,Automated update
924,2022-10-11,1014ab78,b62e2226,Automated update
925,2022-10-12,b62e2226,de540451,Automated update
926,2022-10-13,de540451,67920c61,Automated update
927,2022-10-14,67920c61,0c92df03,Automated update
928,2022-10-15,0c92df03,b0a163a1,Automated update
929,2022-10-16,b0a163a1,380ba0e4,Automated update
930,2022-10-17,380ba0e4,0eb94e1b,Automated update
931,2022-10-18,0eb94e1b,2e705aa7,Automated update
932,2022-10-19,2e705aa7,543bf750,Automated update
933,2022-10-20,543bf750,76a0514d,Automated update
934,2022-10-21,76a0514d,46475af2,Automated update
935,2022-10-22,46475af2,9b2c4f92,Automated update
936,2022-10-23,9b2c4f92,94b84c98,Automated update
937,2022-10-24,94b84c98,2c4e2485,Automated update
938,2022-10-25,2c4e2485,cf4c7fdc,Automated update
939,2022-10-26,cf4c7fdc,949aea2f,Automated update
940,2022-10-27,949aea2f,9db7a9a7,Automated update
941,2022-10-28,9db7a9a7,e89ef8c3,Automated update
942,2022-10-29,e89ef8c3,ff1eefad,Automated update
943,2022-10-30,ff1eefad,d6ae25cb,Automated update for delayed data for US
944,2022-10-31,d6ae25cb,41169bb8,Automated update
945,2022-11-01,41169bb8,d7167646,Automated update
946,2022-11-02,d7167646,cae10251,Automated update
947,2022-11-03,cae10251,40fdfcda,Automated update
948,2022-11-04,40fdfcda,2adeeb14,Automated update
949,2022-11-05,2adeeb14,2d9fdf7c,Automated update
950,2022-11-06,2d9fdf7c,f9cc7205,Automated update
951,2022-11-07,f9cc7205,ac14a614,Automated update
952,2022-11-08,ac14a614,c5ee3139,Automated update
953,2022-11-09,c5ee3139,65dbbf51,Automated update
954,2022-11-10,65dbbf51,4c76a419,Automated update
955,2022-11-11,4c76a419,69150117,Automated update
956,2022-11-12,69150117,117379d2,Automated update
957,2022-11-13,117379d2,284368d6,Automated update
958,2022-11-14,284368d6,d34c5ad0,Automated update
959,2022-11-15,d34c5ad0,d5f7562d,Automated update
960,2022-11-16,d5f7562d,66f52258,Automated update
961,2022-11-17,66f52258,a4b0c6e4,patch tennessee data weekly
962,2022-11-18,a4b0c6e4,b5f478e5,Automated update
963,2022-11-19,b5f478e5,6137e304,Automated update
964,2022-11-20,6137e304,9a0ec31b,Automated update
965,2022-11-21,9a0ec31b,9ed18cf3,Automated update
966,2022-11-22,9ed18cf3,bdb82d26,Automated update
967,2022-11-23,bdb82d26,6c1a0c24,Automated update
968,2022-11-24,6c1a0c24,eaa18d9b,Automated update
969,2022-11-25,eaa18d9b,2811c69a,Automated update
970,2022-11-26,2811c69a,097d815c,Automated update
971,2022-11-27,097d815c,f3a3b52f,Automated update
972,2022-11-28,f3a3b52f,a7b646b7,Automated update
973,2022-11-29,a7b646b7,328b5cb3,Automated update
974,2022-11-30,328b5cb3,dcd423f3,Automated update
975,2022-12-01,dcd423f3,c83f263b,Automated update
976,2022-12-02,c83f263b,58423d41,Automated update
977,2022-12-03,58423d41,1a4c29e5,Automated update
978,2022-12-04,1a4c29e5,bd29c443,Automated update
979,2022-12-05,bd29c443,f4a0d444,Automated update
980,2022-12-06,f4a0d444,56ff3b55,Automated update
981,2022-12-07,56ff3b55,6bb5e5b1,Automated update
982,2022-12-08,6bb5e5b1,0efb10c4,Automated update
983,2022-12-09,0efb10c4,1d48eaa7,Automated update
984,2022-12-10,1d48eaa7,8ec5c6ad,Automated update
985,2022-12-11,8ec5c6ad,8fae2ca2,Automated update
986,2022-12-12,8fae2ca2,28891e66,Automated update
987,2022-12-13,28891e66,16e7d459,Automated update
988,2022-12-14,16e7d459,79479c68,Automated update
989,2022-12-15,79479c68,69332477,Automated update
990,2022-12-16,69332477,d6e240bc,Automated update
991,2022-12-17,d6e240bc,b4fa3940,Automated update
992,2022-12-18,b4fa3940,f2ff5e79,Automated update
993,2022-12-19,f2ff5e79,35700b7e,Automated update
994,2022-12-20,35700b7e,d68ff221,Automated update
995,2022-12-21,d68ff221,7a6a85d9,Automated update
996,2022-12-22,7a6a85d9,4dca3843,Automated update
997,2022-12-23,4dca3843,2bb90b20,Automated update
998,2022-12-24,2bb90b20,9c358308,Automated update
999,2022-12-25,9c358308,3b98d79d,Automated update
1000,2022-12-26,3b98d79d,b67c78ff,Automated update
1001,2022-12-27,b67c78ff,3f38f655,Automated update
1002,2022-12-28,3f38f655,d299aaef,Automated update
1003,2022-12-29,d299aaef,89319688,Automated update
1004,2022-12-30,89319688,1fe57802,Automated update
1005,2022-12-31,1fe57802,95262c65,Automated update
1006,2023-01-01,95262c65,6b6fcd5e,Automated update
1007,2023-01-02,6b6fcd5e,e1c1efa9,Automated update
1008,2023-01-03,e1c1efa9,8d04c9f0,Automated update
1009,2023-01-04,8d04c9f0,38f8d459,Automated update
1010,2023-01-05,38f8d459,3ecf1c7a,Automated update
1011,2023-01-06,3ecf1c7a,ee1bc655,Automated update
1012,2023-01-07,ee1bc655,258a7d83,Automated update
1013,2023-01-08,258a7d83,2b0e9b40,Automated update
1014,2023-01-09,2b0e9b40,41db288d,Automated update
1015,2023-01-10,41db288d,b4e53aea,Automated update
1016,2023-01-11,b4e53aea,b581aeb5,Automated update
1017,2023-01-12,b581aeb5,35a530e7,Automated update
1018,2023-01-13,35a530e7,0443b77d,Automated update
1019,2023-01-14,0443b77d,45c3d86f,Automated update
1020,2023-01-15,45c3d86f,ba56476c,Automated update
1021,2023-01-16,ba56476c,f308e9c2,Automated update
1022,2023-01-17,f308e9c2,4e231445,Automated update
1023,2023-01-18,4e231445,b1f6943f,Automated update
1024,2023-01-19,b1f6943f,36da7aab,Automated update
1025,2023-01-20,36da7aab,580f733b,Automated update
1026,2023-01-21,580f733b,4372a6c8,Automated update
1027,2023-01-22,4372a6c8,712651c6,Automated update
1028,2023-01-23,712651c6,51095f8e,Automated update
1029,2023-01-24,51095f8e,59bb6622,Automated update
1030,2023-01-25,59bb6622,67dcee56,Automated update
1031,2023-01-26,67dcee56,4914182a,Automated update
1032,2023-01-27,4914182a,ebdc382f,Automated update
1033,2023-01-28,ebdc382f,7f8c4eab,Automated update
1034,2023-01-29,7f8c4eab,be135e1d,Automated update
1035,2023-01-30,be135e1d,387b27e0,Automated update
1036,2023-01-31,387b27e0,6874141f,Automated update
1037,2023-02-01,6874141f,94c0e3e7,Automated update
1038,2023-02-02,94c0e3e7,cb25cf66,Automated update
1039,2023-02-03,cb25cf66,fd9cd1f1,Automated update
1040,2023-02-04,fd9cd1f1,e86f45d4,Automated update
1041,2023-02-05,e86f45d4,f2f45a24,Automated update
1042,2023-02-06,f2f45a24,ab572742,Automated update
1043,2023-02-07,ab572742,3a6853c4,Automated update
1044,2023-02-08,3a6853c4,331d516e,Automated update
1045,2023-02-09,331d516e,34a11cd6,Automated update
1046,2023-02-10,34a11cd6,26236637,Automated update
1047,2023-02-11,26236637,aba9ca43,Automated update
1048,2023-02-12,aba9ca43,d73092f9,Automated update
1049,2023-02-13,d73092f9,48ec2745,Automated update
1050,2023-02-14,48ec2745,2d8c0f7e,Automated update
1051,2023-02-15,2d8c0f7e,561471f4,Automated update
1052,2023-02-16,561471f4,c77f92fe,Automated update
1053,2023-02-17,c77f92fe,76c8e9a5,Automated update
1054,2023-02-18,76c8e9a5,a19828b6,Automated update
1055,2023-02-19,a19828b6,381e4400,Automated update
1056,2023-02-20,381e4400,ed8a6bd9,Automated update
1057,2023-02-21,ed8a6bd9,1d87fe3d,Automated update
1058,2023-02-22,1d87fe3d,b386fef9,Automated update
1059,2023-02-23,b386fef9,6d008e6f,Automated update
1060,2023-02-24,6d008e6f,87b6692b,Automated update
1061,2023-02-25,87b6692b,9e04ab4c,Automated update
1062,2023-02-26,9e04ab4c,e47ed90a,Automated update
1063,2023-02-27,e47ed90a,64e75db1,Automated update
1064,2023-02-28,64e75db1,a1758d1b,Automated update
1065,2023-03-01,a1758d1b,a1758d1b,
